0pl.i2p,gd7qe2pu2jwqabz4zcf3wwablrzym7p6qswczoapkm5oa5ouuaua
0x0.i2p,5kyswcuppi6pelnv2522mky4fodoter2h3cqhbzibppgimjlg4ka
102chan.i2p,xxu3lso4h2rh6wmrxiou3ax7r7la7x6dhoepnku3jvrlwp35pefq
2ch.i2p,suzp44odgixf5lthy5ngy6ktabus5gz47squie2shudi6kmlwuaq
2channel.i2p,wirxk4kulmd7v6qmttltnu5nx2vtchzvrg7ewocejrvdjcaiv5sq
333.i2p,ctvfe2fimcsdfxmzmd42brnbf7ceenwrbroyjx3wzah5eudjyyza
animal.i2p,5iedafy32swqq4t2wcmjb4fvg3onscng7ct7wb237jkvrclaftla
anodex.i2p,25cb5kixhxm6i6c6wequrhi65mez4duc4l5qk6ictbik3tnxlu6a
anoharsath.i2p,ydn72ascujpmy2afhpkotvy3e6z7mrqeg3l45nblxhj7b5jkyl4a
anongw.i2p,owrnciwubb3f3dctvlmnaknb6tjdxtlzvv7klocb45mmhievdjhq
anonirc.i2p,qm7il7eolcvyppflohqgbecjtgq6tqwtmqmtvfcew2otdmjpe7qq
anonyradio.i2p,cbobsax3rhoyjbk7ii2nd2fnl5bxh3x7bbearokyxgvmudn7o5bq
archaicbinarybbs.i2p,t7o2tw36cffedgfr6kahewpkrntofnliuapji2e4rucl3os55epa
archiv.tutorials.i2p,lldr2miowq6353fxy44pnxfk37d6yn2f6kaivzecbmvvnnf5exyq
archlinux.i2p,5ms4k3cn5dx53b46hqgwogigsjhtinuf4g6fdr6pplkldi5vjcxa
ardor-wallet.i2p,tm23k5ny3umhf6vf3kghnnwacli5zywq5wrr3xcqowbcofuyr4gq
ark.i2p,svqersykedes2w5rxryiqfy65kqvfgojugdlyniio3qtgsjbhfva
armada.i2p,26qxgmyqczulza5ym3jij5er3onclacejyqzecuhjllwun3kxuzq
b812.i2p,ltkr76etonbnqv7pk5o2rhiud334wqrmyl5eskp5b3wfpnik75ua
bandura-yacy.i2p,e4t4yer7o6dbttk4xmpsfd56vhuse5upksgjqejnrvrdz35ia2qq
bandura.i2p,n6eqyu6glmtgt544ys43ggrozhpiw7biyrelrvmkmg7llfcjwm4a
barry.i2p,4kyahq53ol52n23l44tefgeaxqpp3cbb632t5k3umdvqcooevdzq
bee.i2p,gpgzc22souybsx6xo74radtybx7eo34nkwxnymfww7nhyj2jb3yq
bible.i2p,pypz7ca24n3lyp4tm3kvncg3ltp3gd5pgnacc6zltoeffiyyegda
bible4u.i2p,xs6lr2g5jiaajtb3nkno2zmy34eipitrggooxb7wtey7uko7bqmq
bigbrother.i2p,tnxiifs6uticzyg6ac4lhv2l5luwi6xra7yngocro56ive5e4jsq
black.i2p,sjwueu62qpe6dtv5b322k3f23fl4uz3w6qe6wcrwauiwpnymypfq
blackbox.i2p,7josyf7zjieoib3ovmr5a4dh5w64kmfh45lv5h436eljtgfegtqa
bnc.i2p,fr4zbcygmx2vdct6nrabakfys4b4derm6jqu2ovppkgqillvlqxa
boerse.i2p,7633w56hd53sesr6b532r5qlbdnvyl5bnvama6ign6xryaxol4rq
bofh.i2p,auvuinzogu6gc4pwsgbjijuszxgcjygciu2wy53pfz7mo5nfpc5a
bote.i2p,bhjhc3lsdqzoyhxwzyrd63kvyg4br6n2337d74blyintae66mr2a
bugfuzz.i2p,ubszn4gsf22vga67rvzzlg4qj2bfcq6o52fmxz46xruawqm6z7rq
burntout.i2p,lkep3fd7tjvxrs25crr2c3jy7xm4s7bqiua5r327zgpw37sgyerq
ca.i2pd.i2p,u5safmawcxj5vlrdtqrsqbsndkr5cfenpicgg5euu4xqm73yicba
cases.i2p,kmpmk2fmineaiwublteqlifg4fkmewnhmxqlcgg7qwecz6daj43a
cathugger.i2p,vq43xjjcnejqpzfprws5qzrea2siieshu4tglpdepql2w3w3bpba
cbs.i2p,u3lp7wazvq6opodzwjg5sc5w5kwxehmxd4wcdpt4s4j2k4dx4apq
chess.i2p,sbnoqznp5yzxals3vs6nzyqaj2fetvonys4e3b3x4ktmfeus54sa
chitanka.i2p,u4s3jneepk3akoez46kqiwikoezi6zyj2ibjkjyi4uuvsbcojzba
chsnec.i2p,ezfwl4zsb3tsm23jro6jeuwyb34rezzkz33s7lxjrbcycefhtk5a
co.i2p,3mvo5eifcwplcsoubtvqkzdahwo2sdhfygfdde7lj2glybk4q22q
costeira.i2p,abhty5xlmnyab2kqdxcd56352kcescxoux3p6dbqdrghggyygnxa
darknetnow.i2p,gkx3o5fy7mv7l4psqqnhp35d5iun7rt3soci6ylf3rgb7a5a655q
darknut.i2p,2mk37gtvpk2i63o6vl7vna4dr46rqexxetupgn5efuuins7x3qya
darkrealm.i2p,gbh4eerxdsph7etxsxznfhvmuiz54trlkenakqep343u4xcoekzq
darrob.i2p,hz2xhtpeo6btgiwi6od4qj2575ml5o2246rd5orarruyjhd63zja
dashninja.i2p,dzjzoefy7fx57h5xkdknikvfv3ckbxu2bx5wryn6taud343g2jma
dcherukhin.i2p,qa4boq364ndjdgow4kadycr5vvch7hofzblcqangh3nobzvyew7a
dead.i2p,7ko27dxvicr2sezvykkrfiktlghx5y5onup3f2bas5ipocy6ibvq
deepwebradio.i2p,2nait2gdeozkgf6gyhzjfij6mwldwkxxwcvtxobb4b5q5cvtm5la
def2.i2p,cepsrw27kdegwo7ihzouwvgcvw2obswwjs23ollgj7hk2yrce3da
def3.i2p,xbf3ots2purqun7orn72ypkpjmrzbfrkj3u654zfe77hbrbow6la
def4.i2p,yyzdq4fwwmnlojp23drfpfqujln2vcjozjrfzfeuriuqzdq7g4mq
desdelaarena.i2p,7exkzayhcsmyqzbqn7oa7qjpny6tdvpc3av6g5236jrfle3xbn6a
det.i2p,y6d4fs3rpqrctuv77ltfajf5m4tl4kzcu7rtwhxgiohylfxxow4q
di.i2p,3irnooyt5spqiem66upksabez4f3yyrvvjwkmwyzlbealg64mgxa
diasporg.i2p,edvccoobtjukjgw2os5eetywanbb2mpag5aknkrpia5qx2koksua
diffyq.i2p,hkjvyuc3asswxa7uxyalrnpqab4lyvzriu2rsq6jbjc2kaoabghq
diva.i2p,auoqibfnyujhcht4v3nzahpqztwlyomesfywltuls5bqqi3nd3ka
dlms.i2p,krsbxsaw3lnb6ctdpydygm2gqobjcpm4pf367ddo5hylbscnynmq
docs.i2p,ato242wckzs4eaawlr5matzxudt6t5enw73e4p6r3wajwkxsm3za
dosje.i2p,ir2ky5ejx4f646l4fsnug22gj4frn6jzlg7fgboudf2n5b4gdj3q
dropbox.i2p,omax2s5n4mzvymidpuxp2yqknf23asvu54uon6cxl6gdrlblnuiq
dumpteam.i2p,2fwlpuouwxlk2nj4xklvm43m52tqyhqnu2fcfiuv7clvf3wd5nwa
e-reading.i2p,z54dnry6rxtmzcg7e6y3qtsig5yf5fmehuvakcg5wnuahx3iafuq
easygpg2.i2p,bwxry5alzx5ihgrd3glah4eotddblzhalvpheppnw4zcajzqoora
ebooks.i2p,bvpy6xf6ivyws6mshhqmdmr36pruh2hvoceznzeag52mpu647nzq
eccs.i2p,n6jpy3ip4rmhln5i4f4uahsekhkhvqmhggho7y3b6qmwe5lrgqya
echelon.i2p,afvtspvugtd32rsalxircjglh3fhcjzk7gxrm3gw4s2yrpvzk6wq
eddysblog.i2p,ieac3ub4g5sy3wuhsbqfembnpp7f3a37xgcx537ytzsmgfzexnbq
epub-eepsite.i2p,yxvzjwd4vin6pnjauekdufh7lxaijal3kqe2bhakuf47g5zkb6xa
exch.i2p,vsyjsbbf2pyggtilpqwqnhgcc7mymjxblamarmxe5hmbxaxvcndq
exitpoint.i2p,5zmjurq3enudcenegnxu5hqmfmayz4lxvnik6ulch4xssa2ithta
explorer.gostcoin.i2p,ktoacmumifddtqdw6ewns3szxths2hq2fat2o7xnwq4y3auga3za
fa.i2p,6n6p3aj6xqhevfojj36dixwbl4reopkhymxmatz7ai5sroh75rka
false.i2p,77mpz4z6s4eenjexleclqb36uxvqjtztqikjfqa4sovojh6gwwha
fantasy-worlds.i2p,62a4xcyyhvfrcq2bkckb7ia37fmrssrgx467tlkxp32fjpq577wq
fazanka.i2p,fazanejlhnrydwqyrnwfk2qok35tnoydhmwco7g6zpca5dn2gbsa
fido.r4sas.i2p,i522xmu63hfbaw2k54cthffcoqmeao6urjyq3jg4hddf6wf57p3q
flapflap.i2p,y53ceza7iji2vq3oa7om64whzakt6nnzksaqhmkqiisk5tvqk56q
flibs.i2p,ocdm33e3h5tdml3yyholj4objdwsrhlugfqjnqgdkslmgdzb6b3a
flibusta.i2p,zmw2cyw2vj7f6obx3msmdvdepdhnw2ctc4okza2zjxlukkdfckhq
forum.rus.i2p,zd37rfivydhkiyvau27qxwzmerlzbqtthsa5ohtcww62zrygjaga
freefallheavens.i2p,giqnkltyugfmsb4ot5ywpvf3ievuswfurk6bjie4hxi2hh2axajq
freenet-inproxy.bandura.i2p,rblg2sajac7winv4mgvnkfh2fa3nt2zxfvxfiybj76okpwdrt45a
freifunkmobi.bandura.i2p,5shuxvx52e3qszylwn4w7qst4siap3latyap3ff7nfnpjgllkcea
fs.i2p,ah4r4vzunzfa67atljlbrdgtg3zak5esh7ablpm6xno6fhqij35q
fsoc.i2p,vaqc4jm2trq7lx2kkglve7rkzxhhaptcwwl32uicx4ehf5k3hx6q
fxruby.i2p,lqhdnr2pvp2igu5e2cxichboqzcgypvrbooynzgkmoze3xae6qkq
gedanken.i2p,kw6isjbs66uf7576fbb3aniokxtrpqmbegf4tf3xskg2bmrjci7a
ginnegappen.i2p,kbhfkzx5jeqhfgss4xixnf4cb3jpuo432l3hxc32feelcmnr3yja
git.psi.i2p,em763732l4b7b7zhaolctpt6wewwr7zw3nsxfchr6qmceizzmgpa
git.repo.i2p,vsd2vtgtuua2vwqsal2mpmxm2b2cpn3qzmqjoeumrrw2p4aot7uq
gostcoin.i2p,4gzcllfxktrqzv3uys5k4vgkzbth4gqednwhfpt755yivm3davuq
grimore.i2p,kbepzad33bwjfi3mqzwu6sefv3zeanwsgdqnotius6gemsjlyckq
gusion.i2p,4qyfdhizjixe2psu7wcvqufix5wlijocehpb2futurcmlhlktrta
h13.i2p,tozb4vssixoccyqtgnpaatkg2ql52kkjwnsdo3dltezges2na4bq
hagen.i2p,e2t6rqd2ysbvs53t5nnaf7drllkgk6kfriq3lfuz6mip6xfg644q
heisenberg.i2p,jz4quyw7zt63tmw65jfp76fblwadjss4iyi4puqdg3dye7oaqlvq
heligoland.i2p,gzrjm62ektpqjfsem3r3kwvg6zpjvvhvpjvwfxkm2ay4zu7sp6oq
hiddenbooru.i2p,zma5du344hy2ip5xcu6xmt4c7dgibnlv5jm4c2fre5nxv44sln3q
hiddenchan.i2p,6y4tltjdgqwfdcz6tqwc7dxhhuradop2vejatisu64nwjzh5tuwa
hotline.i2p,6cczi27iuxkm3aivazaemzltdqgh42ljzurqp43uclbz2lid2uqq
hp-net.bandura.i2p,z2ufexrgrxry37y4vs5hted35ygpleskfcs2enanl53hmlpzlqhq
hq.postman.i2p,27ivgyi2xhbwjyqmnx3ufjvc2slg6mv7767hxct74cfwzksjemaq
i2p-epub-eepsite.i2p,yxvzjwd4vin6pnjauekdufh7lxaijal3kqe2bhakuf47g5zkb6xa
i2p-mirror.bandura.i2p,aq7r54ebou47b533y5seiod7dc3aeycucevl2pqvphnjhjwblr6q
i2p-projekt.i2p,udhdrtrcetjm5sxzskjyr5ztpeszydbh4dpl3pl4utgqqw2v4jna
i2pd.i2p,4bpcp4fmvyr46vb4kqjvtxlst6puz4r3dld24umooiy5mesxzspa
i2pdocs.str4d.i2p,yfvbtrhjac3jutdsqzugog6mbz3jtyhpwovrt2mqc5mzv534y7cq
i2peek-a-boo.i2p,qgv64klyy4tgk4ranaznet5sjgi7ccsrawtjx3j5tvekvvfl67aa
i2pforum.i2p,tmipbl5d7ctnz3cib4yd2yivlrssrtpmuuzyqdpqkelzmnqllhda
i2pjump.i2p,2mwcgdjvfvd3xwumzqzqntual3l57h3zo7lwdmkjboeraudpkyka
i2pmetrics.i2p,v65p4czypwxrn35zlrfkar2w77vr42acd7gbszegsrqq4u7sip5a
i2pnews.i2p,tc73n4kivdroccekirco7rhgxdg5f3cjvbaapabupeyzrqwv5guq
i2podisy.i2p,3c2jzypzjpxuq2ncr3wn3swn5d4isxlulqgccb6oq5f6zylcrvcq
i2pseed.bandura.i2p,2bpbnalf76ktxzhfekkwcklmo45xzedi5em5bdoyedrhw5bhvtia
i2pwiki.bandura.i2p,isbf7tzeyrutnd5rvmjpqaohe7cz6onqgci2wvbuyfwc62w74r3q
identiguy.i2p,3mzmrus2oron5fxptw7hw2puho3bnqmw2hqy7nw64dsrrjwdilva
ilcosmista.i2p,6u2rfuq3cyeb7ytjzjxgbfa73ipzpzen5wx3tihyast2f2oeo24q
ilita.i2p,isxls447iuumsb35pq5r3di6xrxr2igugvshqwhi5hj5gvhwvqba
imghost.i2p,bw3ncsqln6iiflm2tlf3ugxg2le4pb6lmy5uu6rb6csw5pzwxpeq
in.i2p,r5vbv2akbp6txy5amkftia757klgdy44s6cglqhmstpg65xycyjq
inclib.i2p,ux6prousphswf56bym7yo7kst4ybh45y2z2wrnw7dujmrz56hq4q
infoserver.i2p,jd3agbakybnhfvkeoxrx7t33iln6suzomv3kxkxf77j7rkonch6q
inr.i2p,joajgazyztfssty4w2on5oaqksz6tqoxbduy553y34mf4byv6gpq
instantexchange.i2p,5wiyndm44bysev22kxvczxt37p6o6qroiqykytrvn2yzi55aqfxq
invisible-internet.i2p,jnpykdpp46zenz4p64eb3opadl5g42dls3rurk2cvq6a3g3rvbvq
irc.echelon.i2p,ez2czsvej5p3z5bquue5q3thujcodfze7ptybctqhnqc7hms5uzq
irc.i2p,l3ohmm4ccxvyuxuajeaddiptci5lsrnxtvtyq7iohphrt3oj2evq
irc.ilita.i2p,5xeoyfvtddmo5k3kxzv7b3d5risil6333ntqrr3yvx3yubz5tk3a
irc.kitsune.i2p,cpesprosbsuycn4ui3neidqdtqz5ufekthob7cobl3p7bcuaoh3q
irc.postman.i2p,mpvr7qmek2yz2ekegp5rur573z7e77vp3xqt2lfbco5i6nkfppcq
irc.r4sas.i2p,hodhusp73gltozgrnianlbploon3rrvhrzfn5mf2g46o7aaau5la
irc.rpi.i2p,ppqu4shst5hfjn6jgxyragcanyxurhmof7jdrxag5srpeobevh5q
itemname.i2p,o35ut7hgywy35okvgkjkv3ufzv2ejv4luap4oytwbyy2jqy6u4vq
ivorytower.i2p,fpwrfvidfexsz7dspofkwtkmmizm7lyralfz5kvykffk7gubvxsq
jikx.i2p,aazr55itvyns4lwppvx5njyx5tjdwemw4w6jbmpegdunznod2ieq
k1773r.i2p,zam7u6vslhemddz347uusuzjdk5wma4h5hcmcqlng4ybbpdbjhnq
kelvinchan.i2p,6s72dyf6jwlvk2u455lksvcs5r7deafc3iniwo5kp4ssm777noma
keys.dlms.i2p,znl2swe5pez65qxrr2s2s4lmdfky6mnppvh3p5j6suuiovymhjtq
keys.echelon.i2p,mwfpkdmjur5ytq4og36ym3ychinv36b2a57f4rmgqmtrwepq3fva
keyserver.sigterm.i2p,isoxvnflrdn7cm76yjlfg5tbcugoito2hur7eidbqmo33xmwz5ga
kibykarni.i2p,xowcvzbeq72slpbrwmjl3zy6xkrkb2ncctpkkskeqts63vedtg7a
knijka.i2p,knjkodsakcxihwk5w5new76hibywia5zqcgoqgjttzsausnd22oa
kycklingar.i2p,gctswdhp4447yibxfbqg3uq2bvx63qjeqnaoaux75zw73leakyva
legwork.i2p,cuss2sgthm5wfipnnztrjdvtaczb22hnmr2ohnaqqqz3jf6ubf3a
leonamia.i2p,urcwgeiyaopohtu4pgfjo5s3mggthpjl6mgbgjfkwgcxio5x3d2a
libertor.i2p,7gajvk4dnnob6wlkoo2zcws7nor3gunvoi7ofalcps5lc76wruuq
lifebox.i2p,pyqjnycm55cuxow22voqj62qysrjdnb6nbyladaiaiirqi7vp2yq
lm.i2p,yeyar743vuwmm6fpgf3x6bzmj7fxb5uxhuoxx4ea76wqssdi4f3q
lodikon.i2p,u3f67staiwhqxpacya3clmvurdwd2kp7qcthzhstqnhrmlwc2g4a
lolicatgirls.i2p,a4lzmjyba7aq7hl6okqpds7znnwymolqnr7xhvno2wraqb7uhfla
lunokhod.i2p,3yc6sp7xic4grmpfecbwuij6z3dp5kdgoo362pszaco7io42mnwa
m16.i2p,ucsr3eveuc4mx5y6gxnoaywd4ojvbel5q3ynns6s5yfw3vusmfva
magnets.i2p,snz46nez6hrrpg6336neinflw56l3vwatk6bzzytwu77xmsfsoca
marxists.i2p,lepah55qyp2fhuwxlz7bwrhzckn4gkuofivnofoeuyfpmke5x2hq
mattermost.i2p,x5oovnhnuli5fnwtgkbd5z5jvrvdvprqyuofywx6uoxkk4bie6ya
me.i2p,dbpegthe42sx2yendpesxgispuohjixm4bds7ts5gjxzni5nu6na
meeh.i2p,4oes3rlgrpbkmzv4lqcfili23h3cvpwslqcfjlk6vvguxyggspwa
meshforum.i2p,hp2uzysaur74tbeojtlcsl7apsy2jgqxydd7b5asgvztihz76jia
metrics.i2p,z45ieamhex2ihqv7oowk5fz4qq47rbvxhhhbaaiinpajbhuevtpq
mhatta.i2p,o4rsxdeepfrnncsnjq675xogp5v5qkbfgbt6ooqeyfvlifobrjxq
mk16de.bandura.i2p,rrllz7nkoeaydqzc5tqdexbfpkvensi26nqg3ly3cxrm5qt6m5sq
morbius.i2p,5zecnrlfdwaxfnj2m65mg7pnjketcdqyts2hg726fxvyl3oaepla
mosfet.i2p,s5ynkgagndmpxpf2kmnenv4x72io664gzd2x3qef54ilammnte3q
mtn.i2p-projekt.i2p,f52x5fp6uhq53f5zle5d6rq5un34xgmxgazvilvmzcby37xcmsfa
mtn.meeh.i2p,h7ylrsuzzynrxp3jql7anoozyqblavj7eqces6o3wngvuuxhs2la
mtproxy.ilita.i2p,vxxfipsygx6jpz57pmb3d3mjgsk5ls2idxeo2bffs3yp62muyq7q
neodome.i2p,5hkhjehj3ct2pvcah7dcylwef2oti3xij5myxbv3pd7rocio5vkq
news-i2pn.i2p,wwcqkwfo5yhe6uribv5tzylk25j5hkdk6gdnyftzd3k7dawlzwca
news.neodome.i2p,trhwcnygfkeqjj6g4xhmrdp4gsjqsye47lsxshbmwbten4ywt5oq
normal.i2p,j5fex634r2altzb3kjvu35qekt2r3hgsqzg5qxoy7dp53heu5pma
nsa.i2p,nsetvbclpomqxfcit4mghn6z7vdhnza6jdzczby4crnto32uykga
nvspc.i2p,anlncoi2fzbsadbujidqmtji7hshfw3nrkqvbgdleepbxx3d5xra
obmen.i2p,vodkv54jaetjw7q2t2iethc4cbi4gjdrmw2ovfmr43mcybt7ekxa
obscuratus.i2p,i4j37hcmfssokfb6w3npup77v6v4awdxzxa65ranu34urjs4cota
ol.i2p,bnb46culzbssz6aipcjkuytanflz6dtndyhmlaxn3pfiv6zqrohq
onelon.i2p,irkvgdnlc6tidoqomre4qr7q4w4qcjfyvbovatgyolk6d4uvcyha
oniichan.i2p,nnkikjorplul4dlytwfovkne66lwo7ln26xzuq33isvixw3wu3yq
opal.i2p,li5kue3hfaqhhvaoxiw2ollhhkw765myhwcijgock5rs4erdqdaa
opentracker.dg2.i2p,w7tpbzncbcocrqtwwm3nezhnnsw4ozadvi2hmvzdhrqzfxfum7wa
osint.i2p,4pf7ftsi35ujbv4awbli2bgmrtkmmwezcw4l53x4q5kparfes3ba
outproxy-tor.meeh.i2p,77igjr2pbg73ox5ngqy5ohzvrnur3ezqcogtl4vpuqtrcl3irsqq
outproxy.bandura.i2p,smaie7bxvpy53iiabfxkhmsjtqs7vzjcr5xxsysjbbobunwrav2q
overchan.oniichan.i2p,g7c54d4b7yva4ktpbaabqeu2yx6axalh4gevb44afpbwm23xuuya
paste.r4sas.i2p,csen43keji3qiw6uobsgzysxyjd225g6446ylq5uuz6ur2glkzaa
pharos.i2p,vathk2pyvaskeie63yyg4tshjkx5xt6zfvhwhgr3de67q46ob3sa
pharoz.i2p,vathk2pyvaskeie63yyg4tshjkx5xt6zfvhwhgr3de67q46ob3sa
pizdabol.i2p,5vik2232yfwyltuwzq7ht2yocla46q76ioacin2bfofgy63hz6wa
planet.i2p,y45f23mb2apgywmftrjmfg35oynzfwjed7rxs2mh76pbdeh4fatq
pomoyka.i2p,omt56v4jxa4hurbwk44vqbbcwn3eavuynyc24c25cy7grucjh24q
pool.gostcoin.i2p,m4f4k3eeaj7otbc254ccj7d5hivguqgnohwelkibr4ddk43qhywa
pop.postman.i2p,ipkiowj7x4yjj7jc35yay3c6gauynkkl64gzzyxra3wmyhtfxlya
pravtor.i2p,2sr27o5x2v2pyqro7wl5nl6krrsbizwrzsky5y7pkohwh24gn6xq
project-future.i2p,ivqynpfwxzl746gxf376lxqvgktql2lqshzwnwjk2twut6xq7xta
psi.i2p,avviiexdngd32ccoy4kuckvc3mkf53ycvzbz6vz75vzhv4tbpk5a
psy.i2p,s3elzoj3wo6v6wqu5ehd56vevpz2vrhhjc5m6mxoazicrl43y62q
psyco.i2p,eoilbrgyaiikxzdtmk2zeoalteupjrvcu3ui23p4wvfqo25bb73q
pt.i2p,umbkgg3nhvgunyiwo2odfo3ufbdijb2ofg5eha6nyd4ymp4yitna
ptt.i2p,q7r32j7lc3xgrcw2ym33wv4lfgqbez7vtm4lts7n34qfe3iygeha
pull.git.repo.i2p,3so7htzxzz6h46qvjm3fbd735zl3lrblerlj2xxybhobublcv67q
purplemask.i2p,7u3x6deg5uotlmp4rypvnvvy4sf4nfip7zt5ykpm35gbcrnfgedq
push.git.repo.i2p,jef4g5vxnqybm4zpouum3lzbl6ti6456q57nbyj5kfyldkempm3a
qtmhkr.i2p,2jj2ikxixz372qzxcdmgkwpzu6kek3mjsvwtzctdkapacfg2epzq
r4sas.i2p,2gafixvoztrndawkmhfxamci5lgd3urwnilxqmlo6ittu552cndq
radio.r4sas.i2p,cv72xsje5ihg6e24atitmhyk2cbml6eggi6b6fjfh2vgw62gdpla
ransack.i2p,mqamk4cfykdvhw5kjez2gnvse56gmnqxn7vkvvbuor4k4j2lbbnq
rasputin-sucks.i2p,fdozdbyak4rul4jwpqfisbkcx4xbrkuvf2o5r6fd3xryyrjgvjiq
red.i2p,fzbdltgsg7jrpz7gmjfvhpcdnw5yrglwspnxqp4zoym3bglntzfa
redzara.i2p,ty7bt62rw5ryvk44dd3v5sua6c7wnbpxxqb6v4dohajmwmezi7va
reg.rus.i2p,k2r2wda4eavt4hoq5hptprqfmixusirq3gi5bl3z2pqzcd6felwa
reichsmarket.i2p,2uj4xomizi75swws7q5icmnavekb2w2ws2wlcqtyltde7pgymraq
relatelist.i2p,utrer5zgnou72hs4eztmk37pmzdtfw3d6s23wwl7nk3lkqpzbdiq
repo.i2p,uxe3lqueuuyklel23sf5h25zwgqgjwsofrqchhnptd5y6pedzbxa
repo.r4sas.i2p,ymzx5zgt6qzdg6nhxnecdgbqjd34ery6mpqolnbyo5kcwxadnodq
retrobbs-nntp.i2p,fkyzl24oxcxvjzkx74t3533x7qjketzmvzk6bwn3d6hj5t7hlw6q
retrobbs.i2p,mnn77stihntxdoade3ca2vcf456w6vhhvdsfepdvq5qggikvprxq
retrobbs2.i2p,ejff7jtyaus37slkwgeqrrcmyhpj26carp7n27f5h6s5vlbeiy6q
rideronthestorm.i2p,xrdc2qc7quhumhglpbcuiqxr42nuffv4xj4a73jbr4ygepitibqq
rootd.i2p,mzbe5wofwn7eaqq4yefrmxizqaxoslwqxrv5qcv2opx5lnhg64dq
rospravosudie.i2p,z55khrnlj6bzhs5zielutm6ae6t2bbhfuiujwlrp3teubqyc4w7q
rpi.i2p,56p5qxsrvo5ereibevetw2qbj5bronmos7wxunku27g2s4kpbnlq
rslight.i2p,bitag46q3465nylvzuikfwjcj7ewi4gjkjtvuxhn73f6vsxffyiq
ru.i2p,m7fqktjgtmsb3x7bvfrdx4tf7htnhytnz5qi2ujjcnph33u3hnja
rufurus.i2p,7msryymfdta3ssyz34qur6gi4jyfkvca5iyfmnceviipwu7g2wca
rus.i2p,gh6655arkncnbrzq5tmq4xpn36734d4tdza6flbw5xppye2dt6ga
rvklein.i2p,pzbqr2s25zpgbwiz22nc7hzxlusqxwhpxrsmln63y6fd45whnjcq
secretchat.i2p,cl3j2zxhpw6u6jevny45i557ojhwfxn4g375nnuqhy6lp27mry2q
secure.thetinhat.i2p,4q3qyzgz3ub5npbmt3vqqege5lg4zy62rhbgage4lpvnujwfpala
seomon.i2p,5mvpsy4h45w4fx7upen7ay3vkrs5klphz5nptmtcqvc3fsajsm4q
serien.i2p,3z5k3anbbk32thinvwcy4g5al7dmb75fagcm3zgh4rzrt3maphda
shoieq3.i2p,3fjk4nfk3mccch4hdreghnyijcvovsi3yucjz3qzj5sxngqk5j6q
shoronil.i2p,7shqzgmb6tabiwrnwlasruq7pswy2d3emvfhaitehkqgod7i62sa
skank.i2p,qiii4iqrj3fwv4ucaji2oykcvsob75jviycv3ghw7dhzxg2kq53q
smtp.postman.i2p,jj7pt6chsziz6oxxnzpqj7mzhxm2xfhcrbh7dl3tegifb577vx5q
soup.i2p,s6lagaqbn572fvnr7vsxsqwbwxb6m3gr5hu6eetstykdm2opp2ia
spectre.i2p,b7fynfg42avzwv2qeioxm2bmfxm5fimkpzu27zqi4qg5wxqx3zwq
spoika.i2p,u7uyxhgikc5ifj73oz6yedpy5pvtynbqo3n7rk5qyy5h5yhz4wbq
stats.i2p,7tbay5p4kzeekxvyvbf6v7eauazemsnnl2aoyqhg5jzpr5eke7tq
status.str4d.i2p,ycyyjo3psqbo45nuz243xvgvwnmzlanzqbzxv3kh6gyjztv7425q
str4d.i2p,wrrwzdgsppwl2g2bdohhajz3dh45ui6u3y7yuop5ivvfzxtwnipa
stream.i2p,prmbv3xm63ksoetnhbzqg4nzu2lhqdnqytgsydb7u3quxfrg7rna
streams.darkrealm.i2p,ud3gcmvysjch4lbjr2khmhqpf7r2x5if4q43xkqdptl4k7lc4muq
svong.i2p,wlamzgxjc4k67fn2c2pdems2dzfq3hkdbbt3n7ela7p2wp3pew6a
syndie-project.i2p,xa63tpfoaqt3zru2ehxjjfbpadwj4ha6qsdvtcqtyr3b7hmt4iaq
syndie.echelon.i2p,vwrl2qmcif722fdkn3ldxcgz76df5cq4qypbndzthxwgmykyewta
tabak.i2p,y5o2vwb6kart7ivpnbpk4yte3i7kf2dsx7fy3i6w7htqtxhmbzia
tahoeserve.i2p,yhs7tsjeznxdenmdho5gjmk755wtredfzipb5t272oi5otipfkoa
testmk16de.bandura.i2p,gbdgvcv6wkwctls3tdx4ljmzo4zry3awrr37rkvrxcwg7jzjoyra
thebland.i2p,oiviukgwapzxsrwxsoucpqa47s3wt6nfuhfjxvgbqsyrze2mwrda
thornworld.i2p,vinz4ygmodxarocntyjlfwk2wjpvzndlf4hxss2w2t3fk52oplva
tor-gw.meeh.i2p,ounrqi7cfemnt66yhnhigt2u27fkctbvct527cp2522ozy3btjza
torrfreedom.i2p,nfrjvknwcw47itotkzmk6mdlxmxfxsxhbhlr5ozhlsuavcogv4hq
trac.i2p2.i2p,i43xzkihpdq34f2jlmtgiyyay5quafg5rebog7tk7xil2c6kbyoa
tracker.lodikon.i2p,q2a7tqlyddbyhxhtuia4bmtqpohpp266wsnrkm6cgoahdqrjo3ra
tracker.psi.i2p,vmow3h54yljn7zvzbqepdddt5fmygijujycod2q6yznpy2rrzuwa
tracker.thebland.i2p,s5ikrdyjwbcgxmqetxb3nyheizftms7euacuub2hic7defkh3xhq
tracker2.postman.i2p,ahsplxkbhemefwvvml7qovzl5a2b5xo5i7lyai7ntdunvcyfdtna
traditio.i2p,wkpjjloylf6jopu2itgpktr45t2xvpjijxilxd5tq4i7wkqgwhhq
tumbach.i2p,u6pciacxnpbsq7nwc3tgutywochfd6aysgayijr7jxzoysgxklvq
tutorials.i2p,zy37tq6ynucp3ufoyeegswqjaeofmj57cpm5ecd7nbanh2h6f2ja
unqueued.i2p,3gvn4kwd7z74jxc2sn4ucx52dpvpscxbzjluux3ul4t3eu5g64xq
vadino.i2p,aalttzlt3z25ktokesceweabm5yyhhvml2z3rfotndgpfyh6myra
w.i2p,j2xorlcb3qxubnthzqu7lt4fvxqn63it4ikwmze55yjkzeeampuq
wallet.gostcoin.i2p,reuvum7lgetglafn72chypesvto773oy53zumagrpigkckybrwda
web.telegram.i2p,re6cgwg2yrkgaixlqvt5ufajbb3w42fsldlq7k5brpvnd5gp6x5a
wiki.ilita.i2p,r233yskmowqe4od4he4b37wydr5fqzvj3z77v5fdei2etp2kg34a
wtfnix.i2p,ofjyswwcrgrom6ppqu433hl2odow37d42wkefotczzdkkkb3dqya
www.imule.i2p,657xcllunctawyjtar5kgh3wpt6z4l7ba6mmam5rf7hev5w2lsvq
www.infoserver.i2p,fq7xhxkdcauhwn4loufcadiiy24zbei25elnup33a3gfrdzrtlyq
xeha.i2p,oartgetziabrdemxctowp7bbeggc7ktmj7tr4qgk5y5jcz4prbtq
xmpp.fazanka.i2p,fazan6gjj2fpgmnvrdi7it66zmtfbbjljbwgj37hqbd3o4xwhqca
xmpp.rpi.i2p,3yv65pfwiwfuv4ciwtx34clqps6o2mc3vtyltcbqdkcki6untbca
xn--hallchen-q4a.i2p,h5c4idxoweambtqajx3ecpu4iw425mfzckb4rrcvftrr7d2utfgq
xotc.i2p,gqgvzum3xdgtaahkjfw3layb33vjrucmw5btyhrppm463cz3c5oq
zab.i2p,n4xen5sohufgjhv327ex4qra77f4tpqohlcyoa3atoboknzqazeq
zcash.i2p,zcashmliuw3yd2ptfyd5sadatcpyxj4ldiqahtjzg73cgoevxp4q
zerobin.i2p,3564erslxzaoucqasxsjerk4jz2xril7j2cbzd4p7flpb4ut67hq
zeronet.i2p,fe6pk5sibhkr64veqxkfochdfptehyxrrbs3edwjs5ckjbjn4bna
znc.i2p,uw2yt6njjl676fupd72hiezwmd4ouuywowrph6fvhkzhlnvp7jwa
znc.str4d.i2p,ufkajv3stxpxlwgwwb2ae6oixdjircnbwog77qxpxv7nt67rpcxq
zzz.i2p,ukeu3k5oycgaauneqgtnvselmt4yemvoilkln7jpvamvfx7dnkdq
